path,mime_type,size_bytes,modified_at,library_file_id,file_id,mirror_class
"02_KNOWLEDGE/L00/L00.01/L00.01_CANONICAL.md","text/markdown","14401","2026-10-01T09:24:13.358732+00:00","libfile_06a320c17df48191a9ef029d16cafa76","file_00000000e494820790d4d8741144124c","text-source"
"02_KNOWLEDGE/L00/L00.01/L00.01_NEURON_CANDIDATES.md","text/markdown","1689","2026-10-01T09:24:23.880003+00:00","libfile_e3293dd7ae8481919dd753d514227bfc","file_00000000a81c8211a7f5df74acb45e71","text-source"
"02_KNOWLEDGE/L00/L00.01/L00.01_OPERATIONAL.md","text/markdown","3654","2026-10-01T09:24:34.501935+00:00","libfile_5517f918fcf481919c07a440f3d3326e","file_0000000040a482118666ed6778c687f0","text-source"
"02_KNOWLEDGE/L00/L00.01/L00.01_QA.md","text/markdown","1763","2026-10-01T09:24:45.068405+00:00","libfile_fabf6b258e6c8191a2e8518d69adbd3d","file_000000003da48211b85ccf1e4eda5bd0","text-source"
"02_KNOWLEDGE/L00/L00.02/L00.02_CANONICAL.md","text/markdown","15932","2026-10-01T09:46:06.124473+00:00","libfile_1f9c1b88f35c819180dec4ff081ef161","file_000000006f5482079a3a36cda95b47cd","text-source"
"02_KNOWLEDGE/L00/L00.02/L00.02_NEURON_CANDIDATES.md","text/markdown","1153","2026-10-01T09:46:17.055341+00:00","libfile_bbc7c6b6b8288191954ccdaeb53b9461","file_0000000074b08211b8ce68461ecb1ca5","text-source"
"02_KNOWLEDGE/L00/L00.02/L00.02_OPERATIONAL.md","text/markdown","6220","2026-10-01T09:46:27.675956+00:00","libfile_76137ad9bf888191a23d3e35139133e4","file_000000007e3882069b6b00f16eca8fa7","text-source"
"02_KNOWLEDGE/L00/L00.02/L00.02_QA.md","text/markdown","2142","2026-10-01T09:46:38.191268+00:00","libfile_f5bf82f7f5b08191ae01cd3eb92bf8c3","file_00000000f8588207a43991a76838ba2c","text-source"
"02_KNOWLEDGE/L00/L00.03/L00.03_CANONICAL.md","text/markdown","11701","2026-10-01T10:33:26.522886+00:00","libfile_7df6496e52808191b66631c8f5b16fb7","file_00000000e0248207bd10515408502674","text-source"
"02_KNOWLEDGE/L00/L00.03/L00.03_NEURON_CANDIDATES.md","text/markdown","1005","2026-10-01T10:33:37.441705+00:00","libfile_885d4dc3ebb08191bb7d8eaf59cc3354","file_00000000c78c8208bfea2b40ea091a8c","text-source"
"02_KNOWLEDGE/L00/L00.03/L00.03_OPERATIONAL.md","text/markdown","6249","2026-10-01T10:33:48.122628+00:00","libfile_a66abb7d8e988191ae8d8df8cc69a23c","file_0000000004708207843d1cb8a32b89ad","text-source"
"02_KNOWLEDGE/L00/L00.03/L00.03_QA.md","text/markdown","2622","2026-10-01T10:33:58.862015+00:00","libfile_3078ff4f5f288191a5c31778e51d2c6d","file_000000001ee082119409fe4367bb8f08","text-source"
"02_KNOWLEDGE/L00/L00.04/L00.04_CANONICAL.md","text/markdown","15109","2026-10-01T10:58:18.538377+00:00","libfile_c80f3db3263481918f87a31cf43beb65","file_00000000e174820794fe62c6b58c2cc6","text-source"
"02_KNOWLEDGE/L00/L00.04/L00.04_NEURON_CANDIDATES.md","text/markdown","1635","2026-10-01T10:58:29.603427+00:00","libfile_2f8a0dc014688191bb189ff5a63567cb","file_0000000016e08211bf56fa7ab11d90fb","text-source"
"02_KNOWLEDGE/L00/L00.04/L00.04_OPERATIONAL.md","text/markdown","3028","2026-10-01T10:58:42.306661+00:00","libfile_5f9a3359f0d08191b380cc6969ae764d","file_00000000c1048211bb92d49f47fa27bb","text-source"
"02_KNOWLEDGE/L00/L00.04/L00.04_QA.md","text/markdown","2642","2026-10-01T10:58:55.063255+00:00","libfile_ea6db3b3c8e481918268ed7f93b544e8","file_00000000398c82119d8333973572ab9c","text-source"
"02_KNOWLEDGE/L00/L00.05/L00.05_CANONICAL.md","text/markdown","15627","2026-10-02T22:22:28.470761+00:00","libfile_a2881a81f4b08191a086d137b8bbe6ae","file_00000000694881f59f4288b9bd0c2ea6","text-source"
"02_KNOWLEDGE/L00/L00.05/L00.05_NEURON_CANDIDATES.md","text/markdown","1764","2026-10-01T11:33:39.653569+00:00","libfile_e4b4a120c650819182d85d8826e1d015","file_0000000007488211a655a6a576a236db","text-source"
"02_KNOWLEDGE/L00/L00.05/L00.05_OPERATIONAL.md","text/markdown","3983","2026-10-01T11:33:21.516872+00:00","libfile_728007903a6c8191af9154aab4864ee9","file_000000000b2082078121c5f7d33e4772","text-source"
"02_KNOWLEDGE/L00/L00.05/L00.05_QA.md","text/markdown","3197","2026-10-02T22:22:28.324469+00:00","libfile_32f73841f8c48191af9820c12f53023d","file_00000000049481f5a4cb615c9f206ef9","text-source"
"02_KNOWLEDGE/L00/L00.06/L00.06_CANONICAL.md","text/markdown","12474","2026-10-01T23:49:50.044237+00:00","libfile_0457a736d70c8191bb384aa6cca6056b","file_00000000f48081f59b449c392b5bca34","text-source"
"02_KNOWLEDGE/L00/L00.06/L00.06_NEURON_CANDIDATES.md","text/markdown","1676","2026-10-01T23:49:50.061934+00:00","libfile_73a6cead10888191ac7b73defbcb83fd","file_00000000775881f5a1b2880f8a2d4981","text-source"
"02_KNOWLEDGE/L00/L00.06/L00.06_OPERATIONAL.md","text/markdown","4117","2026-10-01T23:49:50.063431+00:00","libfile_970f012b68608191b07c39a1803227e3","file_0000000006e481f59efc8c72e53b9de0","text-source"
"02_KNOWLEDGE/L00/L00.06/L00.06_QA.md","text/markdown","1590","2026-10-01T23:49:50.286247+00:00","libfile_d02a745791ec8191bcd20760ca976399","file_00000000d5c881f5a9c8565a8c128967","text-source"
"02_KNOWLEDGE/L00/L00.07/L00.07_CANONICAL.md","text/markdown","10830","2026-10-01T14:23:10.261460+00:00","libfile_b5db9583d59081918d3fc938800ea994","file_00000000aaa48206aae8c1f8c60982b6","text-source"
"02_KNOWLEDGE/L00/L00.07/L00.07_NEURON_CANDIDATES.md","text/markdown","1800","2026-10-01T14:27:15.658151+00:00","libfile_8f2252d8c37c81919d743ab2485f96ef","file_0000000076d882079611c1d05b9303ec","text-source"
"02_KNOWLEDGE/L00/L00.07/L00.07_OPERATIONAL.md","text/markdown","4574","2026-10-01T14:23:20.219334+00:00","libfile_ac144f6fa7988191be1eb1b1833fa750","file_00000000a27482119e76045e81b15f21","text-source"
"02_KNOWLEDGE/L00/L00.07/L00.07_QA.md","text/markdown","1798","2026-10-01T14:23:29.626879+00:00","libfile_239d7553e5988191ade2eae14ea5c7d1","file_00000000e44c82118b845eead1e56820","text-source"
"02_KNOWLEDGE/L00/L00.08/L00.08_CANONICAL.md","text/markdown","10376","2026-10-01T14:57:04.909645+00:00","libfile_61e86abc0c108191bd7471d098a359ab","file_000000001124820781bb85e23e56c1d5","text-source"
"02_KNOWLEDGE/L00/L00.08/L00.08_NEURON_CANDIDATES.md","text/markdown","2923","2026-10-01T14:57:25.389026+00:00","libfile_fac81718c6d48191b8890bf4073fd9bb","file_00000000e5d48211b0e15eecaba41d2b","text-source"
"02_KNOWLEDGE/L00/L00.08/L00.08_OPERATIONAL.md","text/markdown","5141","2026-10-01T14:58:02.289480+00:00","libfile_5b12d950893c81919cb0d3853a54b44a","file_000000000bc48207b402aa492d4281e1","text-source"
"02_KNOWLEDGE/L00/L00.08/L00.08_QA.md","text/markdown","1863","2026-10-01T14:58:19.464922+00:00","libfile_5f61ac32f0d081919d09b3b97037ccb8","file_0000000025e48207900708273d929e11","text-source"
"02_KNOWLEDGE/L00/L00.09/L00.09_CANONICAL.md","text/markdown","21636","2026-10-02T04:01:29.134181+00:00","libfile_fafa33120bd48191a13754f943a6f4e0","file_00000000c6fc81f59a1a34b3aa774133","text-source"
"02_KNOWLEDGE/L00/L00.09/L00.09_NEURON_CANDIDATES.md","text/markdown","8536","2026-10-02T04:01:29.114338+00:00","libfile_abe2433856d081918ecc350ba0e9dbb8","file_00000000baa881f58f3427b68e111dbf","text-source"
"02_KNOWLEDGE/L00/L00.09/L00.09_OPERATIONAL.md","text/markdown","11954","2026-10-02T04:01:29.276145+00:00","libfile_08cd924a08ec81918ea48cf5d5275eec","file_000000004efc820c8a56903ef14d0ff2","text-source"
"02_KNOWLEDGE/L00/L00.09/L00.09_QA.md","text/markdown","1684","2026-10-02T04:01:29.287348+00:00","libfile_b107d87a6a78819182e42b4a23316155","file_00000000341881f6ad4a42aa19a07c08","text-source"
"02_KNOWLEDGE/L00/L00.10/L00.10_CANONICAL.md","text/markdown","22202","2026-10-02T04:01:29.200932+00:00","libfile_e7d58c6a0b948191b857e58e93e84cd9","file_000000008a0881f59985708aac651ff8","text-source"
"02_KNOWLEDGE/L00/L00.10/L00.10_NEURON_CANDIDATES.md","text/markdown","8914","2026-10-02T04:01:29.335307+00:00","libfile_40989a3498b481919e33718f91f582b5","file_00000000540081f79d4769bb2455fce2","text-source"
"02_KNOWLEDGE/L00/L00.10/L00.10_OPERATIONAL.md","text/markdown","12415","2026-10-02T04:01:29.120464+00:00","libfile_efd9c3dfcb1c81919235b72ccf426f6c","file_00000000be5481f5afdf8bbf382043f1","text-source"
"02_KNOWLEDGE/L00/L00.10/L00.10_QA.md","text/markdown","1503","2026-10-02T04:01:29.391367+00:00","libfile_1b7cd3498fb88191807ad539061d08f0","file_00000000c66c82308f20e68db55c4fad","text-source"
"02_KNOWLEDGE/L01/L01.01/L01.01_CANONICAL.md","text/markdown","8798","2026-10-01T16:49:59.291108+00:00","libfile_5f70ac0e959c8191bb271e4261dcea97","file_00000000abf48207a4336653f4a97257","text-source"
"02_KNOWLEDGE/L01/L01.01/L01.01_NEURON_CANDIDATES.md","text/markdown","1271","2026-10-01T16:50:07.915310+00:00","libfile_3fc083b2ab4881919f26982ef5b4e658","file_000000005b08820796ae3c80a2cbcad8","text-source"
"02_KNOWLEDGE/L01/L01.01/L01.01_OPERATIONAL.md","text/markdown","4276","2026-10-01T16:50:17.377136+00:00","libfile_2b8fa0e977708191a1d61236067eee71","file_0000000073ec82119434298077580354","text-source"
"02_KNOWLEDGE/L01/L01.01/L01.01_QA.md","text/markdown","1893","2026-10-01T16:50:26.575344+00:00","libfile_85077036f3a48191bf529ab5bb6d56cb","file_00000000050482079e843a8fed242964","text-source"
"02_KNOWLEDGE/L01/L01.02/L01.02_CANONICAL.md","text/markdown","8654","2026-10-01T17:18:47.642530+00:00","libfile_3d86fcb588b08191aa639738217f4efd","file_0000000093b08211b7f007813286d65b","text-source"
"02_KNOWLEDGE/L01/L01.02/L01.02_NEURON_CANDIDATES.md","text/markdown","4842","2026-10-01T17:18:58.654363+00:00","libfile_39f5ea429f488191b8785279d9df3384","file_000000003d708211a876e0ce430f9e79","text-source"
"02_KNOWLEDGE/L01/L01.02/L01.02_OPERATIONAL.md","text/markdown","2438","2026-10-01T17:19:09.866505+00:00","libfile_cf16f517f3648191aa07046c94f5b8c3","file_000000002d308208a9876990d78bd2ab","text-source"
"02_KNOWLEDGE/L01/L01.02/L01.02_QA.md","text/markdown","1577","2026-10-01T17:19:26.305285+00:00","libfile_75cf2fb66d6c81919d163918ebc98ac2","file_00000000227882118f4cf932e1f4926e","text-source"
"02_KNOWLEDGE/L01/L01.03/L01.03_CANONICAL.md","text/markdown","7771","2026-10-01T17:37:43.128222+00:00","libfile_5bc33daa01b4819199c2460bd2e44ba0","file_00000000e5848211a84e724e5d86ab04","text-source"
"02_KNOWLEDGE/L01/L01.03/L01.03_NEURON_CANDIDATES.md","text/markdown","1923","2026-10-01T17:37:53.862630+00:00","libfile_0e905d322764819188cbb06f3a8bff49","file_00000000c99c8207a95876a253a4e153","text-source"
"02_KNOWLEDGE/L01/L01.03/L01.03_OPERATIONAL.md","text/markdown","2350","2026-10-01T17:38:09.695721+00:00","libfile_065cae40155c81919fdd20ea5ec6f13c","file_00000000195c8207ba8fac3cbc368b92","text-source"
"02_KNOWLEDGE/L01/L01.03/L01.03_QA.md","text/markdown","1578","2026-10-01T17:38:25.341212+00:00","libfile_e333179358a881918a718eb0e04bf807","file_0000000067e082078ee5b73e94f6055f","text-source"
"02_KNOWLEDGE/L01/L01.04/L01.04_CANONICAL.md","text/markdown","8848","2026-10-01T23:49:53.768436+00:00","libfile_b7fad9c8ef548191a513888cd26ee403","file_00000000593481f7a2e258832ab4f29f","text-source"
"02_KNOWLEDGE/L01/L01.04/L01.04_NEURON_CANDIDATES.md","text/markdown","2493","2026-10-01T19:25:35.181876+00:00","libfile_7a0c81d1173c8191ad5ca97930d05bce","file_000000006ee08207b6789df2dc815f91","text-source"
"02_KNOWLEDGE/L01/L01.04/L01.04_OPERATIONAL.md","text/markdown","2856","2026-10-01T23:49:53.634741+00:00","libfile_3b113037545c8191962428b1bb2040cd","file_00000000e98481f5a73d9a86d28d5e89","text-source"
"02_KNOWLEDGE/L01/L01.04/L01.04_QA.md","text/markdown","1696","2026-10-01T23:49:53.534207+00:00","libfile_8b5c30455b9481918d70135002817ee2","file_00000000b9bc81f5a675aeaaeef6e823","text-source"
"02_KNOWLEDGE/L01/L01.05/L01.05_CANONICAL.md","text/markdown","9705","2026-10-01T21:43:03.194641+00:00","libfile_928ab2ad405481919ef8c6aa7422b71c","file_000000004e0481fa9130859fc8683109","text-source"
"02_KNOWLEDGE/L01/L01.05/L01.05_NEURON_CANDIDATES.md","text/markdown","2035","2026-10-01T21:43:10.485388+00:00","libfile_34679d11a17881919fb078f4a7014f54","file_00000000d11481fa8c0cfec441801b66","text-source"
"02_KNOWLEDGE/L01/L01.05/L01.05_OPERATIONAL.md","text/markdown","2798","2026-10-01T21:43:18.059415+00:00","libfile_1fd08f393460819186579b574a402d25","file_00000000fe6081fab873f28c970bb491","text-source"
"02_KNOWLEDGE/L01/L01.05/L01.05_QA.md","text/markdown","1777","2026-10-01T21:43:25.474022+00:00","libfile_5dff093d71cc819186907d13c4beafdd","file_00000000218081fa8ec4c59e0032e894","text-source"
"02_KNOWLEDGE/L02/L02.01/L02.01_CANONICAL.md","text/markdown","9633","2026-10-02T06:15:15.762853+00:00","libfile_36a16f0907ac8191b6e1754b9fbc989c","file_00000000d05c820ca95ba8cd30bbfb17","text-source"
"02_KNOWLEDGE/L02/L02.01/L02.01_NEURON_CANDIDATES.md","text/markdown","1511","2026-10-01T22:17:05.452842+00:00","libfile_40caea95114481918d2fc702cb9672e2","file_00000000e46c81fa8380ee2945cab0f6","text-source"
"02_KNOWLEDGE/L02/L02.01/L02.01_OPERATIONAL.md","text/markdown","2553","2026-10-01T22:17:12.761804+00:00","libfile_89b39221cfd08191be9eb9bfd303e9dc","file_00000000f43081fa83c79061ca6221f4","text-source"
"02_KNOWLEDGE/L02/L02.01/L02.01_QA.md","text/markdown","2298","2026-10-02T06:15:14.242605+00:00","libfile_cc855bae55ac8191ba64a0f8f13e5811","file_0000000096f081f5b905802629f120ae","text-source"
"02_KNOWLEDGE/L02/L02.02/L02.02_CANONICAL.md","text/markdown","22908","2026-10-01T23:49:53.529459+00:00","libfile_7019f2d6f1a881918178a5da654e5dc6","file_000000000a6c81f5a11d465a76e4276b","text-source"
"02_KNOWLEDGE/L02/L02.02/L02.02_NEURON_CANDIDATES.md","text/markdown","9314","2026-10-01T23:49:53.546569+00:00","libfile_e71b0e1834348191b71b41b74a76f842","file_0000000068d881f7b22a5e5f15fec470","text-source"
"02_KNOWLEDGE/L02/L02.02/L02.02_OPERATIONAL.md","text/markdown","13263","2026-10-01T23:49:53.541155+00:00","libfile_e5307f96f61481919e54ae9b2694b934","file_00000000c86481fb824c36112774b862","text-source"
"02_KNOWLEDGE/L02/L02.02/L02.02_QA.md","text/markdown","1803","2026-10-01T23:49:53.553608+00:00","libfile_bd59b4bdc9e48191bafb36bc365b09a1","file_000000004cb881f5b13cf5b0118207d9","text-source"
"02_KNOWLEDGE/L02/L02.03/L02.03_CANONICAL.md","text/markdown","21879","2026-10-02T04:01:29.112665+00:00","libfile_4ff8ea5d757c8191a83e6a5af688516a","file_00000000351c81f5803aea359f78cffa","text-source"
"02_KNOWLEDGE/L02/L02.03/L02.03_NEURON_CANDIDATES.md","text/markdown","8703","2026-10-02T04:01:29.291424+00:00","libfile_472add9f262c81918228a373181635bb","file_00000000271c82308580a08ea86b300b","text-source"
"02_KNOWLEDGE/L02/L02.03/L02.03_OPERATIONAL.md","text/markdown","12296","2026-10-02T04:01:29.305246+00:00","libfile_3e26122a171881918baca0cc1d06e3d8","file_000000006fb08230a51e8f2385ed116a","text-source"
"02_KNOWLEDGE/L02/L02.03/L02.03_QA.md","text/markdown","1735","2026-10-02T04:01:29.366886+00:00","libfile_581a22431ed08191838a320cda2ede88","file_000000006c24820cb1112e7406ee5d17","text-source"
"02_KNOWLEDGE/L02/L02.04/L02.04_CANONICAL.md","text/markdown","26951","2026-10-02T05:22:33.551557+00:00","libfile_be06ef0d3550819186342361a9390a72","file_00000000375081f59a8c8dc9569ecc1b","text-source"
"02_KNOWLEDGE/L02/L02.04/L02.04_NEURON_CANDIDATES.md","text/markdown","10409","2026-10-02T05:22:33.501486+00:00","libfile_503a14dd1c448191bdfbc162f3154f87","file_000000008d8881f5a5b4be571f61ab3d","text-source"
"02_KNOWLEDGE/L02/L02.04/L02.04_OPERATIONAL.md","text/markdown","15213","2026-10-02T05:22:33.504010+00:00","libfile_5c253a761c748191824630a46c6edfed","file_00000000314881f585fbb860cf3981ba","text-source"
"02_KNOWLEDGE/L02/L02.04/L02.04_QA.md","text/markdown","2096","2026-10-02T05:22:33.471914+00:00","libfile_77cb1e3ac06c8191a555d09c60cf6dee","file_00000000b52881f59e85794a37c9f63d","text-source"
"02_KNOWLEDGE/L02/L02.05/L02.05_CANONICAL.md","text/markdown","27568","2026-10-02T09:22:30.734112+00:00","libfile_dfffcc887a388191953df171c7660622","file_00000000763481f698132f081af70545","text-source"
"02_KNOWLEDGE/L02/L02.05/L02.05_NEURON_CANDIDATES.md","text/markdown","10625","2026-10-02T09:22:30.713558+00:00","libfile_4f1acf223d888191b3135a99bbfaac46","file_00000000082081f69b560336d82be7f8","text-source"
"02_KNOWLEDGE/L02/L02.05/L02.05_OPERATIONAL.md","text/markdown","15432","2026-10-02T09:22:30.706976+00:00","libfile_38523319e3c081919eab28ee474549b3","file_00000000a20081f6a1258458495fe741","text-source"
"02_KNOWLEDGE/L02/L02.05/L02.05_QA.md","text/markdown","2389","2026-10-02T09:22:31.371261+00:00","libfile_52db89b6870c81918ee49f13fd166d0c","file_00000000cf8481f68b3cdc1648dac032","text-source"
"02_KNOWLEDGE/L02/L02.06/L02.06_CANONICAL.md","text/markdown","30018","2026-10-02T10:08:50.092001+00:00","libfile_aacd43ccd10c819197d31a66da856578","file_0000000079d881f594ccae9dc54ff835","text-source"
"02_KNOWLEDGE/L02/L02.06/L02.06_NEURON_CANDIDATES.md","text/markdown","11232","2026-10-02T10:08:50.029207+00:00","libfile_f5a8cd2fff6c8191bf2697629d3ba805","file_00000000968481f5b7c33492cd780fa1","text-source"
"02_KNOWLEDGE/L02/L02.06/L02.06_OPERATIONAL.md","text/markdown","17528","2026-10-02T10:08:50.108170+00:00","libfile_e1f977a698e481918db5005728d40e58","file_00000000b75c81f58b699b3237d139e1","text-source"
"02_KNOWLEDGE/L02/L02.06/L02.06_QA.md","text/markdown","1937","2026-10-02T10:08:50.087842+00:00","libfile_59dc04a4fa3481918d6f54406e97deab","file_00000000b2c081f5b4b7829cdb03bf5c","text-source"
"02_KNOWLEDGE/L03/L03.01/L03.01_CANONICAL.md","text/markdown","36050","2026-10-02T14:01:16.554303+00:00","libfile_5bf21103b7648191832561f1cc745042","file_00000000d04081f69e0c2878f228ab37","text-source"
"02_KNOWLEDGE/L03/L03.01/L03.01_NEURON_CANDIDATES.md","text/markdown","12533","2026-10-02T14:01:16.373526+00:00","libfile_c0defefb58988191a437055f5aca4d0c","file_00000000de9c81fdaba9a1f0ccfe2e11","text-source"
"02_KNOWLEDGE/L03/L03.01/L03.01_OPERATIONAL.md","text/markdown","19242","2026-10-02T14:01:16.280201+00:00","libfile_6bd16a78b4e88191846ab4813441bd29","file_00000000767081f58915a68ee4a300f0","text-source"
"02_KNOWLEDGE/L03/L03.01/L03.01_QA.md","text/markdown","1979","2026-10-02T14:01:16.343282+00:00","libfile_218bac701af88191b8e09026662aa440","file_000000009b7c820caf4a6269b072ed36","text-source"
"02_KNOWLEDGE/L03/L03.02/L03.02_CANONICAL.md","text/markdown","39472","2026-10-02T22:13:41.975806+00:00","libfile_1db8a557bb60819190ae1e87de7228b8","file_00000000bd4881f5b12c4f16136d67dd","text-source"
"02_KNOWLEDGE/L03/L03.02/L03.02_NEURON_CANDIDATES.md","text/markdown","11215","2026-10-02T22:13:41.943373+00:00","libfile_25daaed15e8881919ab24d2efe1d79aa","file_00000000103481f5b764cf3427e8c12d","text-source"
"02_KNOWLEDGE/L03/L03.02/L03.02_OPERATIONAL.md","text/markdown","16186","2026-10-02T22:13:41.978005+00:00","libfile_2b73ea5f22088191ab1c6faa31a75b63","file_000000002a3081f59ee675fc264ae257","text-source"
"02_KNOWLEDGE/L03/L03.02/L03.02_QA.md","text/markdown","3390","2026-10-02T22:13:42.007816+00:00","libfile_d5d03acf31d88191b1dbdc4131a4907d","file_00000000c36c81f5be0ae3004a5212b1","text-source"
"02_KNOWLEDGE/L03/L03.03/L03.03_CANONICAL.md","text/markdown","55611","2026-10-03T04:22:00.519243+00:00","libfile_1d05469152548191b5bd0f76e03a60c4","file_00000000dfec81f5acdec240caf0b279","text-source"
"02_KNOWLEDGE/L03/L03.03/L03.03_NEURON_CANDIDATES.md","text/markdown","16513","2026-10-03T04:22:00.543358+00:00","libfile_877f5596759081918c7c3a765b766494","file_0000000058dc81f5958b2d6573558416","text-source"
"02_KNOWLEDGE/L03/L03.03/L03.03_OPERATIONAL.md","text/markdown","24400","2026-10-03T04:22:00.548216+00:00","libfile_812c1822d1408191b212c0ef127c9ffa","file_00000000a41481f5998bb821dba13f0f","text-source"
"02_KNOWLEDGE/L03/L03.03/L03.03_QA.md","text/markdown","2857","2026-10-03T04:22:00.551329+00:00","libfile_74cf55667ed08191b2a818859bafe2ce","file_000000008e9081f5a7f392bafadfbcef","text-source"
"02_KNOWLEDGE/L03/L03.04/L03.04_CANONICAL.md","text/markdown","52436","2026-10-03T04:23:46.056129+00:00","libfile_304b309e00e08191a3463053f3cab4e9","file_000000004c5481f69a1e57667ab2271e","text-source"
"02_KNOWLEDGE/L03/L03.04/L03.04_NEURON_CANDIDATES.md","text/markdown","14637","2026-10-03T04:23:46.009900+00:00","libfile_239b3e880668819193245eb972b960aa","file_000000004dcc81f69c707d5000d8ae7d","text-source"
"02_KNOWLEDGE/L03/L03.04/L03.04_OPERATIONAL.md","text/markdown","21513","2026-10-03T04:23:45.998111+00:00","libfile_8fabfea2981c8191af77fefeea0a4b11","file_00000000e2fc81f684930fa56aabd65d","text-source"
"02_KNOWLEDGE/L03/L03.04/L03.04_QA.md","text/markdown","2864","2026-10-03T04:23:46.012928+00:00","libfile_819a5870bc608191a488a138e5436465","file_00000000444c81f69321dfef284d529d","text-source"
"02_KNOWLEDGE/L03/L03.05/L03.05_CANONICAL.md","text/markdown","61624","2026-10-03T09:14:12.708898+00:00","libfile_84cad7c58c688191910943f012e52974","file_00000000456c81f5b5376d2ff2b83e71","text-source"
"02_KNOWLEDGE/L03/L03.05/L03.05_NEURON_CANDIDATES.md","text/markdown","15380","2026-10-03T09:14:12.689695+00:00","libfile_f38ac7819b1c8191bdf447530aacdabe","file_00000000b0d481f5a0bf6c990349543b","text-source"
"02_KNOWLEDGE/L03/L03.05/L03.05_OPERATIONAL.md","text/markdown","24088","2026-10-03T09:14:12.794856+00:00","libfile_b45f0b16387c819181f4b29f5e098862","file_000000002fc481f5a5708ba49c417e67","text-source"
"02_KNOWLEDGE/L03/L03.05/L03.05_QA.md","text/markdown","2935","2026-10-03T09:14:12.779408+00:00","libfile_c2d686d829648191824c3e8792ae22e9","file_00000000fb4c81f5a165064643f5f12c","text-source"
"02_KNOWLEDGE/L03/L03.06/L03.06_CANONICAL.md","text/markdown","58512","2026-10-03T04:29:14.461008+00:00","libfile_7ff8480bd7988191836a06ed85d624ac","file_0000000080f881f5985cb2cb9e596326","text-source"
"02_KNOWLEDGE/L03/L03.06/L03.06_NEURON_CANDIDATES.md","text/markdown","16114","2026-10-03T04:29:17.884350+00:00","libfile_e358fe2dc844819193e1475fd7db3f7b","file_0000000029c081f68445d2acae2d0bb8","text-source"
"02_KNOWLEDGE/L03/L03.06/L03.06_OPERATIONAL.md","text/markdown","24710","2026-10-03T04:29:17.774287+00:00","libfile_49bce429e37c819193da44eb5218c59f","file_00000000698c81f6a3051d0a6305ba87","text-source"
"02_KNOWLEDGE/L03/L03.06/L03.06_QA.md","text/markdown","2883","2026-10-03T04:29:17.745806+00:00","libfile_eb56b1ff15ec8191a03ff8e6ed427c82","file_000000002b2081f6840e6f0325060c15","text-source"
"02_KNOWLEDGE/L03/L03.07/L03.07_CANONICAL.md","text/markdown","47910","2026-10-03T04:10:25.127955+00:00","libfile_4a568196234c8191b2f9a41e8d07c576","file_000000002f3081f5920b40732e004ffc","text-source"
"02_KNOWLEDGE/L03/L03.07/L03.07_NEURON_CANDIDATES.md","text/markdown","14236","2026-10-03T04:10:25.141997+00:00","libfile_01eb3a4808cc819188198ef9eae05685","file_00000000e68481f5b09ac26b3666128e","text-source"
"02_KNOWLEDGE/L03/L03.07/L03.07_OPERATIONAL.md","text/markdown","21407","2026-10-03T04:10:25.147360+00:00","libfile_267818e89fcc8191b4aa0863edf77a70","file_00000000957881f58b11d04211262eb5","text-source"
"02_KNOWLEDGE/L03/L03.07/L03.07_QA.md","text/markdown","2845","2026-10-03T04:10:25.148846+00:00","libfile_40c205db439c8191826b32eabe116faf","file_000000009b8081f58dafa6218a258f16","text-source"
"02_KNOWLEDGE/L04/L04.01/L04.01_CANONICAL.md","text/markdown","48314","2026-10-03T10:54:22.839490+00:00","libfile_5967d0af6c0c81919a6e1fa22e7b388b","file_00000000b93881f7b3cc857a641e420d","text-source"
"02_KNOWLEDGE/L04/L04.01/L04.01_NEURON_CANDIDATES.md","text/markdown","12524","2026-10-03T10:54:22.850984+00:00","libfile_946b3a49e9d48191950c07540326403a","file_00000000df1c81f6980524cc4fd5403d","text-source"
"02_KNOWLEDGE/L04/L04.01/L04.01_OPERATIONAL.md","text/markdown","18016","2026-10-03T10:54:26.310010+00:00","libfile_e04bb21c88848191b2bcff787e35f25d","file_00000000f01c81f591b549c084710299","text-source"
"02_KNOWLEDGE/L04/L04.01/L04.01_QA.md","text/markdown","2932","2026-10-03T10:54:26.286071+00:00","libfile_9508663dbe1c819195c69834c39ae2fe","file_00000000481081f5a8f46f53c1e768c4","text-source"
"02_KNOWLEDGE/L04/L04.02/L04.02_CANONICAL.md","text/markdown","38456","2026-10-03T10:54:26.370529+00:00","libfile_a618af9347d881919789d99c0336acdd","file_000000003fc481f5a972899d66a15a06","text-source"
"02_KNOWLEDGE/L04/L04.02/L04.02_NEURON_CANDIDATES.md","text/markdown","13068","2026-10-03T10:54:26.341791+00:00","libfile_c9a44e3dd5048191bbfe345c7cd56277","file_0000000076d881f59ee3b3782b535edc","text-source"
"02_KNOWLEDGE/L04/L04.02/L04.02_OPERATIONAL.md","text/markdown","19483","2026-10-03T10:54:26.319173+00:00","libfile_3bfaa29f55808191ba80dc1f308231c4","file_000000007a8081f589ac61243e35a655","text-source"
"02_KNOWLEDGE/L04/L04.02/L04.02_QA.md","text/markdown","2966","2026-10-03T10:54:26.316837+00:00","libfile_4524d97b59c08191a080241d112eab06","file_00000000c55c81f59126d6fa7606daaf","text-source"
"02_KNOWLEDGE/L04/L04.03/L04.03_CANONICAL.md","text/markdown","25996","2026-10-03T15:08:32.416441+00:00","libfile_0e881075740c8191b30a2e4cfb812fb2","file_00000000f2a481f58725569ae2f036c2","text-source"
"02_KNOWLEDGE/L04/L04.03/L04.03_NEURON_CANDIDATES.md","text/markdown","10375","2026-10-03T15:08:32.420032+00:00","libfile_032550335dc88191889d8ac0d425235e","file_0000000027bc81f58bc13ac5446c50ec","text-source"
"02_KNOWLEDGE/L04/L04.03/L04.03_OPERATIONAL.md","text/markdown","13777","2026-10-03T15:08:32.435656+00:00","libfile_7128598679d881918a1536449b576933","file_0000000081fc81f5a8f98631319bb7da","text-source"
"02_KNOWLEDGE/L04/L04.03/L04.03_QA.md","text/markdown","2924","2026-10-03T15:08:32.429415+00:00","libfile_f22c2bbc16cc8191ae92686ff7119eb0","file_00000000f6a481f598a5f27cab233763","text-source"
"02_KNOWLEDGE/L04/L04.04/L04.04_CANONICAL.md","text/markdown","24876","2026-10-03T15:08:32.463532+00:00","libfile_0cbbb6f93f0c819180db169aa3a8e809","file_00000000f3e881f5b492c491b9c491b9","text-source"
"02_KNOWLEDGE/L04/L04.04/L04.04_NEURON_CANDIDATES.md","text/markdown","9817","2026-10-03T15:08:32.426109+00:00","libfile_44a75c082470819188dd67e9da98348d","file_000000003e7c81f58538491123f12de6","text-source"
"02_KNOWLEDGE/L04/L04.04/L04.04_OPERATIONAL.md","text/markdown","12814","2026-10-03T15:08:32.455182+00:00","libfile_18a124f1ba9c8191a9a73e6cdc2b4ada","file_00000000dc6881f5a076d9582584bbed","text-source"
"02_KNOWLEDGE/L04/L04.04/L04.04_QA.md","text/markdown","2929","2026-10-03T15:08:32.465128+00:00","libfile_eacd04c8100c819195f541491a0a69fe","file_000000002b5081f5b7b9c6f361c1c417","text-source"
"02_KNOWLEDGE/L04/L04.05/L04.05_CANONICAL.md","text/markdown","25269","2026-10-03T15:08:32.418256+00:00","libfile_10959dc461008191a97cbf56ec53e126","file_0000000040a081f5929845dee618df86","text-source"
"02_KNOWLEDGE/L04/L04.05/L04.05_NEURON_CANDIDATES.md","text/markdown","9845","2026-10-03T15:08:32.414752+00:00","libfile_8f7bace290908191bef1919a689272cf","file_0000000085c081f5aaebbff140267f81","text-source"
"02_KNOWLEDGE/L04/L04.05/L04.05_OPERATIONAL.md","text/markdown","13265","2026-10-03T15:08:32.412603+00:00","libfile_c58c3fa7e1108191bf822d2fe1a4d357","file_00000000cc3081f598774c0beadb0a0d","text-source"
"02_KNOWLEDGE/L04/L04.05/L04.05_QA.md","text/markdown","2938","2026-10-03T15:08:36.049788+00:00","libfile_dba6ca6c3280819192120f820e952489","file_000000004fc081f5aa5904734c6a0e32","text-source"
"02_KNOWLEDGE/L05/L05.01/L05.01_CANONICAL.md","text/markdown","19388","2026-10-03T10:54:26.289270+00:00","libfile_9ae4d6168e488191a9d19c5bf823d89a","file_0000000009b881f5b88de55bab9f9586","text-source"
"02_KNOWLEDGE/L05/L05.01/L05.01_NEURON_CANDIDATES.md","text/markdown","7519","2026-10-03T10:54:26.335408+00:00","libfile_99011946459881919d5f2a82752abb79","file_000000001b1481f59c46f387fe55b95f","text-source"
"02_KNOWLEDGE/L05/L05.01/L05.01_OPERATIONAL.md","text/markdown","10326","2026-10-03T10:54:26.374970+00:00","libfile_41e89c413e408191a801751eab7c0d9f","file_000000007fe881f5b95ce5fa0d23e547","text-source"
"02_KNOWLEDGE/L05/L05.01/L05.01_QA.md","text/markdown","3018","2026-10-03T10:54:26.537759+00:00","libfile_f97b4b60398881919ae07968aa95760d","file_000000008d7081f5bfb75d8aad35a234","text-source"
"02_KNOWLEDGE/L05/L05.02/L05.02_CANONICAL.md","text/markdown","20616","2026-10-03T10:54:26.305149+00:00","libfile_415ce168e8248191add3d34c9fb62a15","file_00000000ebe881f5891bd39454c9821d","text-source"
"02_KNOWLEDGE/L05/L05.02/L05.02_NEURON_CANDIDATES.md","text/markdown","8152","2026-10-03T10:54:26.339200+00:00","libfile_47098dc41ca081918c9f39f4d8288543","file_00000000879481f5aa4e53a8907c4c3d","text-source"
"02_KNOWLEDGE/L05/L05.02/L05.02_OPERATIONAL.md","text/markdown","11040","2026-10-03T10:54:26.361149+00:00","libfile_880fba2b98d881918127a7df6d70c097","file_0000000083c481f596b4a9ea90a927fe","text-source"
"02_KNOWLEDGE/L05/L05.02/L05.02_QA.md","text/markdown","3031","2026-10-03T10:54:26.298619+00:00","libfile_4fb2a095001881919bb577edd6ddf3a5","file_00000000486881f59913d455a77dd762","text-source"
"02_KNOWLEDGE/L05/L05.03/L05.03_CANONICAL.md","text/markdown","21643","2026-10-03T10:54:26.344206+00:00","libfile_e6233727211881918d80f88d35d77c45","file_00000000c0e081f59b964fc714e95bc3","text-source"
"02_KNOWLEDGE/L05/L05.03/L05.03_NEURON_CANDIDATES.md","text/markdown","8231","2026-10-03T10:54:26.314268+00:00","libfile_05fe02c52e1481919ba1a0d64c191c95","file_00000000d64481f583a1c256407f700e","text-source"
"02_KNOWLEDGE/L05/L05.03/L05.03_OPERATIONAL.md","text/markdown","11410","2026-10-03T10:54:31.344620+00:00","libfile_9b37fd5318b481919e7160f15a886f67","file_00000000523081f5a7ef7b0d3573103a","text-source"
"02_KNOWLEDGE/L05/L05.03/L05.03_QA.md","text/markdown","3018","2026-10-03T10:54:30.222874+00:00","libfile_1e3b4a3d36988191b1d1d0494043448a","file_00000000989081f593c31972425ec7cd","text-source"
"02_KNOWLEDGE/L05/L05.04/L05.04_CANONICAL.md","text/markdown","27643","2026-10-03T15:08:36.385869+00:00","libfile_6fcb112c949081918a91beb630142052","file_00000000dc3c81f5923c76d6ac8b2718","text-source"
"02_KNOWLEDGE/L05/L05.04/L05.04_NEURON_CANDIDATES.md","text/markdown","9464","2026-10-03T15:08:36.124894+00:00","libfile_15a6f744d89c8191a9470e692eead16e","file_00000000cdc081f581daac640e30d3a2","text-source"
"02_KNOWLEDGE/L05/L05.04/L05.04_OPERATIONAL.md","text/markdown","13202","2026-10-03T15:08:36.118621+00:00","libfile_ae120a5772d88191bc9accc6b2525c89","file_00000000690081f780d32072aae4da0e","text-source"
"02_KNOWLEDGE/L05/L05.04/L05.04_QA.md","text/markdown","2916","2026-10-03T15:08:36.184108+00:00","libfile_8dbd4e97e898819189155376a7ba29f6","file_000000007c4c81fd98fa2273b38320bc","text-source"
"02_KNOWLEDGE/L05/L05.05/L05.05_CANONICAL.md","text/markdown","26400","2026-10-03T22:23:34.788857+00:00","libfile_dc3975919bcc81919d426a2e659de11a","file_00000000217c81f5a31cb755b2830fee","text-source"
"02_KNOWLEDGE/L05/L05.05/L05.05_NEURON_CANDIDATES.md","text/markdown","8852","2026-10-03T22:23:34.782063+00:00","libfile_7f8119624a988191885e395d50c6852a","file_00000000393481f5bb807601feb15719","text-source"
"02_KNOWLEDGE/L05/L05.05/L05.05_OPERATIONAL.md","text/markdown","12319","2026-10-03T22:23:34.787323+00:00","libfile_c6295267a1908191bf61db9676b47656","file_000000004f2881f5a793c1ef9eb7b781","text-source"
"02_KNOWLEDGE/L05/L05.05/L05.05_QA.md","text/markdown","2975","2026-10-03T22:23:34.761901+00:00","libfile_fcddcc01cfc0819193c32b03064653d9","file_00000000d00081f5826b4eddd95478c7","text-source"
"02_KNOWLEDGE/L05/L05.06/L05.06_CANONICAL.md","text/markdown","31189","2026-10-03T22:23:38.965260+00:00","libfile_cc94725601d081919ccb49fa07855482","file_000000005cf481f5a3f4e6f7219f5054","text-source"
"02_KNOWLEDGE/L05/L05.06/L05.06_NEURON_CANDIDATES.md","text/markdown","9688","2026-10-03T22:23:38.940162+00:00","libfile_3f164873917481919caa61121e287bcd","file_0000000031c081f5bbc86f53141822a9","text-source"
"02_KNOWLEDGE/L05/L05.06/L05.06_OPERATIONAL.md","text/markdown","13653","2026-10-03T22:23:38.951204+00:00","libfile_c6f32aef77008191a2d2d4a02635313b","file_0000000063c881f5846958b12f72f3fe","text-source"
"02_KNOWLEDGE/L05/L05.06/L05.06_QA.md","text/markdown","3100","2026-10-03T22:23:38.927689+00:00","libfile_6bd11e4184f08191b6ff18e0061ae92a","file_00000000d1f881f5a1cec8285d34e4f0","text-source"
"02_KNOWLEDGE/L05/L05.07/L05.07_CANONICAL.md","text/markdown","27382","2026-10-03T15:08:36.228246+00:00","libfile_7cff17131544819194b749b9b6213de1","file_00000000fbac81f5b15dd7af7f683db9","text-source"
"02_KNOWLEDGE/L05/L05.07/L05.07_NEURON_CANDIDATES.md","text/markdown","8911","2026-10-03T15:08:36.349758+00:00","libfile_a753a0dd81ac8191a82979ae941c5578","file_00000000aed481f590d4f9fd93e7ddbf","text-source"
"02_KNOWLEDGE/L05/L05.07/L05.07_OPERATIONAL.md","text/markdown","12491","2026-10-03T15:08:36.211453+00:00","libfile_54ad29d9ecc881918a804c73d3fcf11c","file_00000000893081f58083751ecba93da1","text-source"
"02_KNOWLEDGE/L05/L05.07/L05.07_QA.md","text/markdown","2921","2026-10-03T15:08:36.272071+00:00","libfile_6501bc68c23c8191809ab778d02e9b07","file_00000000737881fda157b3482d6287ee","text-source"
"02_KNOWLEDGE/L06/L06.01/L06.01_CANONICAL.md","text/markdown","27624","2026-10-03T22:23:38.933516+00:00","libfile_b6088018a3fc81918ad3091951fe7539","file_00000000ec3881f586f663d3b4ce6fa5","text-source"
"02_KNOWLEDGE/L06/L06.01/L06.01_NEURON_CANDIDATES.md","text/markdown","8799","2026-10-03T22:23:38.947708+00:00","libfile_9bad69bebb788191b83213ed54bb1e8a","file_00000000776081f596a558b65be98b0e","text-source"
"02_KNOWLEDGE/L06/L06.01/L06.01_OPERATIONAL.md","text/markdown","12291","2026-10-03T22:23:38.928906+00:00","libfile_acecbc90a7588191ad5271af606108f1","file_0000000062fc81f592faf434d541e519","text-source"
"02_KNOWLEDGE/L06/L06.01/L06.01_QA.md","text/markdown","3113","2026-10-03T22:23:38.944094+00:00","libfile_06fa615a8774819191f0e6ed31ee2bb0","file_00000000cd4c81f5b88707d4f6cfcbe4","text-source"
"02_KNOWLEDGE/L06/L06.02/L06.02_CANONICAL.md","text/markdown","29334","2026-10-04T11:06:10.713343+00:00","libfile_59a990e8c1688191ba2d3b51d7751b5d","file_000000008ec081f58274060e8768f423","text-source"
"02_KNOWLEDGE/L06/L06.02/L06.02_NEURON_CANDIDATES.md","text/markdown","9175","2026-10-04T11:06:10.730290+00:00","libfile_29afe0ae8aa48191b1392e823ec5b6c6","file_0000000090e081f5a7b825748a64093a","text-source"
"02_KNOWLEDGE/L06/L06.02/L06.02_OPERATIONAL.md","text/markdown","12744","2026-10-04T11:06:10.717209+00:00","libfile_e48d286fb2c48191928d3034d6e3f01d","file_000000003d2881f5967dd705fabf0066","text-source"
"02_KNOWLEDGE/L06/L06.02/L06.02_QA.md","text/markdown","2983","2026-10-04T11:06:10.737590+00:00","libfile_1b03cbba88b881918cdeb5e92ca4ae84","file_00000000465881f5b1053f3fbfde42c5","text-source"
"02_KNOWLEDGE/L06/L06.03/L06.03_CANONICAL.md","text/markdown","22144","2026-10-04T11:06:10.778343+00:00","libfile_f4109e362b348191af2cd2eb7f953b31","file_00000000b9f481f5b9eef8fb49c10f63","text-source"
"02_KNOWLEDGE/L06/L06.03/L06.03_NEURON_CANDIDATES.md","text/markdown","8243","2026-10-04T11:06:10.740072+00:00","libfile_6acf5f1697a88191ac5cbaefe6422488","file_00000000dd8881f598ab9332a1a06ff4","text-source"
"02_KNOWLEDGE/L06/L06.03/L06.03_OPERATIONAL.md","text/markdown","10428","2026-10-04T11:06:10.783004+00:00","libfile_e66714691d8c8191b41b8548f175a598","file_00000000390481f59594ec259139fa38","text-source"
"02_KNOWLEDGE/L06/L06.03/L06.03_QA.md","text/markdown","2923","2026-10-04T11:06:10.787470+00:00","libfile_b037e50535108191a3a88a14486687e4","file_00000000d14481f5a270c981f0f89d4c","text-source"
"02_KNOWLEDGE/L06/L06.04/L06.04_CANONICAL.md","text/markdown","21691","2026-10-04T11:06:10.742652+00:00","libfile_82211662f38881919534f0ebf81eeab3","file_0000000029c881f5812d32315e0c7394","text-source"
"02_KNOWLEDGE/L06/L06.04/L06.04_NEURON_CANDIDATES.md","text/markdown","8162","2026-10-04T11:06:10.794512+00:00","libfile_2d4df698802881919b88be82ec35d001","file_000000008e9481f5bffb88652baa1615","text-source"
"02_KNOWLEDGE/L06/L06.04/L06.04_OPERATIONAL.md","text/markdown","10302","2026-10-04T11:06:10.791321+00:00","libfile_653b34bfb6e48191930c1190c59d65f6","file_000000001f8081f5be3c53654e99f4e1","text-source"
"02_KNOWLEDGE/L06/L06.04/L06.04_QA.md","text/markdown","2905","2026-10-04T11:06:10.812222+00:00","libfile_2582d2ee6c488191a12f7f60a28c3ee5","file_0000000097d881f5b387b7c20aef526d","text-source"
"02_KNOWLEDGE/L06/L06.05/L06.05_CANONICAL.md","text/markdown","22056","2026-10-04T11:06:10.816767+00:00","libfile_ecd58f879bbc8191965ec366fdbda637","file_00000000500481f59fee91f0ff1d73ea","text-source"
"02_KNOWLEDGE/L06/L06.05/L06.05_NEURON_CANDIDATES.md","text/markdown","8273","2026-10-04T11:06:14.906308+00:00","libfile_f07a06c349f08191b10ce5fc843bf6ef","file_000000006ae8820c953e4410e1b469dc","text-source"
"02_KNOWLEDGE/L06/L06.05/L06.05_OPERATIONAL.md","text/markdown","10349","2026-10-04T11:06:14.868777+00:00","libfile_acc740b4a82c8191993ebf68e61372a9","file_000000000b0081f5966fd8017bf86870","text-source"
"02_KNOWLEDGE/L06/L06.05/L06.05_QA.md","text/markdown","2939","2026-10-04T11:06:14.881555+00:00","libfile_3c02ae497e548191a9afb325732e8844","file_00000000ffc481f5a4fb7289cf1ec374","text-source"
"02_KNOWLEDGE/L07/L07.01/L07.01_CANONICAL.md","text/markdown","32643","2026-10-04T11:06:14.878654+00:00","libfile_2dcecec5ea608191af285423c0a05f4a","file_00000000977881f58499c58be94363a4","text-source"
"02_KNOWLEDGE/L07/L07.01/L07.01_NEURON_CANDIDATES.md","text/markdown","10326","2026-10-04T11:06:14.880091+00:00","libfile_75cf0070d47c8191a3b9491b8184b2d6","file_00000000fc6481f584b855ef24214093","text-source"
"02_KNOWLEDGE/L07/L07.01/L07.01_OPERATIONAL.md","text/markdown","14554","2026-10-04T11:06:15.068548+00:00","libfile_8ca3ee4ee4d0819197517c6b57b82194","file_000000002d34820db2405e667e7fc9c7","text-source"
"02_KNOWLEDGE/L07/L07.01/L07.01_QA.md","text/markdown","2912","2026-10-04T11:06:14.913837+00:00","libfile_72022f85af3081919c70a18bed7bdd44","file_0000000056bc81f58f3e3f93b57d6635","text-source"
"02_KNOWLEDGE/L07/L07.02/L07.02_CANONICAL.md","text/markdown","21978","2026-10-04T11:36:55.079863+00:00","libfile_4dd3a2c3a2188191b6836fc543f10c96","file_00000000e56c81f58c8b73ee6d45dfef","text-source"
"02_KNOWLEDGE/L07/L07.02/L07.02_NEURON_CANDIDATES.md","text/markdown","8448","2026-10-04T11:36:55.078549+00:00","libfile_89bb4bbab2388191b4434101c22e5c85","file_0000000022d481f58887a991db0443d3","text-source"
"02_KNOWLEDGE/L07/L07.02/L07.02_OPERATIONAL.md","text/markdown","10750","2026-10-04T11:36:55.113842+00:00","libfile_e2310e6712088191849bf90fab0c2412","file_00000000dd7081f58a661450dcb2ea43","text-source"
"02_KNOWLEDGE/L07/L07.02/L07.02_QA.md","text/markdown","2931","2026-10-04T11:36:55.104417+00:00","libfile_b60672acb1c88191a39102b948eb5ef2","file_00000000700481f5a428e928a1df4c08","text-source"
"02_KNOWLEDGE/L07/L07.03/L07.03_CANONICAL.md","text/markdown","21981","2026-10-04T11:36:55.142319+00:00","libfile_6123400b6e4c8191978fabe9190399a0","file_0000000055f881f59212a645045256ff","text-source"
"02_KNOWLEDGE/L07/L07.03/L07.03_NEURON_CANDIDATES.md","text/markdown","8248","2026-10-04T11:36:55.109164+00:00","libfile_db716aa8b4bc8191b267cc6484b5a635","file_00000000940881f5a8ea9367e7842fde","text-source"
"02_KNOWLEDGE/L07/L07.03/L07.03_OPERATIONAL.md","text/markdown","10489","2026-10-04T11:36:55.084439+00:00","libfile_e2fb652e50d08191ba8713fe1278ab9f","file_00000000632c81f5acf6aae3c94c8213","text-source"
"02_KNOWLEDGE/L07/L07.03/L07.03_QA.md","text/markdown","2931","2026-10-04T11:36:55.149053+00:00","libfile_8f9cefba01048191856b11f33ac9a280","file_00000000b8b481f59c9ce0fcc19a127d","text-source"
"02_KNOWLEDGE/L07/L07.04/L07.04_CANONICAL.md","text/markdown","21901","2026-10-04T11:36:55.112342+00:00","libfile_f4514b94427c81919a4ecdbcc7f70dd1","file_0000000046dc81f5850c60fd0e827b50","text-source"
"02_KNOWLEDGE/L07/L07.04/L07.04_NEURON_CANDIDATES.md","text/markdown","8283","2026-10-04T11:36:55.089260+00:00","libfile_163db19f13c481918e491e5e43793eaa","file_00000000f91c81f5a473aaa5b52ffe11","text-source"
"02_KNOWLEDGE/L07/L07.04/L07.04_OPERATIONAL.md","text/markdown","10615","2026-10-04T11:36:55.076931+00:00","libfile_b078ef13a7d08191acf6ded26dc83110","file_000000001ca481f5a8b808c5956ff08a","text-source"
"02_KNOWLEDGE/L07/L07.04/L07.04_QA.md","text/markdown","2925","2026-10-04T11:36:55.105943+00:00","libfile_abde4cdba560819192c007e11d0a4fea","file_00000000aea881f58931b326bba39103","text-source"
"02_KNOWLEDGE/L07/L07.05/L07.05_CANONICAL.md","text/markdown","21837","2026-10-04T11:36:55.092976+00:00","libfile_176117578f3081919a3f7e6765e7a669","file_0000000061a481f5bad24613fb8fd9ef","text-source"
"02_KNOWLEDGE/L07/L07.05/L07.05_NEURON_CANDIDATES.md","text/markdown","8431","2026-10-04T11:36:55.116024+00:00","libfile_a8800214ccb88191b34d11da1ff65c7f","file_00000000e66881f5b80ebd200124c142","text-source"
"02_KNOWLEDGE/L07/L07.05/L07.05_OPERATIONAL.md","text/markdown","10662","2026-10-04T11:36:55.094117+00:00","libfile_bf3cc4904c7481919ac28c013da3491f","file_00000000bfe881f58bcac10f4374a2d2","text-source"
"02_KNOWLEDGE/L07/L07.05/L07.05_QA.md","text/markdown","2932","2026-10-04T11:36:55.091392+00:00","libfile_bd77392414208191bbd2254441719182","file_0000000062c481f580551a0d61acc114","text-source"
"02_KNOWLEDGE/L09/L09.01/L09.01_CANONICAL.md","text/markdown","22702","2026-10-03T10:54:30.231901+00:00","libfile_f82eab3a0e888191914e6fec6e75ec8d","file_00000000dfd481f59358acaa994e28d1","text-source"
"02_KNOWLEDGE/L09/L09.01/L09.01_NEURON_CANDIDATES.md","text/markdown","11219","2026-10-03T10:54:30.287596+00:00","libfile_443cafd427c48191af700f9c90f19dee","file_00000000614881f5b315024793275ac0","text-source"
"02_KNOWLEDGE/L09/L09.01/L09.01_OPERATIONAL.md","text/markdown","13952","2026-10-03T10:54:30.217129+00:00","libfile_14c5f78a0e9881919e3d94758068e365","file_00000000305481f5afd34ce3364ee233","text-source"
"02_KNOWLEDGE/L09/L09.01/L09.01_QA.md","text/markdown","2966","2026-10-03T10:54:30.269083+00:00","libfile_a73c56e2ac788191a34fdc7f05d5a953","file_00000000e53881f5b96288fda50cd1de","text-source"
"02_KNOWLEDGE/L18/L18.01/L18.01_CANONICAL.md","text/markdown","24717","2026-10-03T10:54:30.254207+00:00","libfile_00f868a0e1688191948eeff3353d7c58","file_00000000e15081f5bc131d597e691115","text-source"
"02_KNOWLEDGE/L18/L18.01/L18.01_NEURON_CANDIDATES.md","text/markdown","9837","2026-10-03T10:54:30.302410+00:00","libfile_075314ac8da481919e61587b2a193279","file_000000001db481f5b3b7746d763c20a9","text-source"
"02_KNOWLEDGE/L18/L18.01/L18.01_OPERATIONAL.md","text/markdown","13612","2026-10-03T10:54:30.196200+00:00","libfile_42058a3722c08191a0807e5a1bb8d99a","file_0000000051fc81f593a54a21b279f4ea","text-source"
"02_KNOWLEDGE/L18/L18.01/L18.01_QA.md","text/markdown","3012","2026-10-03T10:54:30.256771+00:00","libfile_2e6e84c123448191b2ccab7a94fb9db2","file_00000000e69c81f5a206a779e88f3e72","text-source"
"02_KNOWLEDGE/L18/L18.02/L18.02_CANONICAL.md","text/markdown","29988","2026-10-04T11:06:14.920122+00:00","libfile_37898f2b65f88191b4fd4f506d88c4a1","file_00000000f7cc81f5b3e67c22ffc63bdd","text-source"
"02_KNOWLEDGE/L18/L18.02/L18.02_NEURON_CANDIDATES.md","text/markdown","11118","2026-10-04T11:06:14.918077+00:00","libfile_8cc8507edd588191a89e4e2a36881803","file_00000000284881f68f7c6119f6235c7f","text-source"
"02_KNOWLEDGE/L18/L18.02/L18.02_OPERATIONAL.md","text/markdown","16568","2026-10-04T11:06:14.974269+00:00","libfile_18d185c79d288191a20fe6850856edce","file_000000000ec481f586954f40e1cdbe6e","text-source"
"02_KNOWLEDGE/L18/L18.02/L18.02_QA.md","text/markdown","2924","2026-10-04T11:06:14.870520+00:00","libfile_616b4991c1f48191a82698161c88e4c1","file_00000000254081f9be7fad70c0566a0c","text-source"
"02_KNOWLEDGE/L19/L19.01/L19.01_CANONICAL.md","text/markdown","21488","2026-10-04T11:06:14.902094+00:00","libfile_0881a45d53888191b39ac1b47164d754","file_000000006c9481f59d59e765efd5303e","text-source"
"02_KNOWLEDGE/L19/L19.01/L19.01_NEURON_CANDIDATES.md","text/markdown","8453","2026-10-04T11:06:14.873446+00:00","libfile_17a8f27a585c8191affa69f9a20db6e6","file_00000000553c820db0cddd4ec7d27949","text-source"
"02_KNOWLEDGE/L19/L19.01/L19.01_OPERATIONAL.md","text/markdown","10388","2026-10-04T11:06:14.911004+00:00","libfile_df89928556388191b25932ce519caa5b","file_00000000266081f5a1aadb9d86c89466","text-source"
"02_KNOWLEDGE/L19/L19.01/L19.01_QA.md","text/markdown","2955","2026-10-04T11:06:14.876069+00:00","libfile_e5b615886adc8191a49ff1a826f5ed78","file_000000009a8881f5bdb1b7ec36bff803","text-source"
"02_KNOWLEDGE/L22/L22.02/L22.02_CANONICAL.md","text/markdown","21978","2026-10-03T10:54:30.190604+00:00","libfile_7b4978346be0819186febc0bada1987b","file_00000000cf3c81f596e50118b3d345d1","text-source"
"02_KNOWLEDGE/L22/L22.02/L22.02_NEURON_CANDIDATES.md","text/markdown","9246","2026-10-03T10:54:30.215703+00:00","libfile_c778660a44908191a6629bdad10df41f","file_00000000f3d881f5808fde36e7db8f50","text-source"
"02_KNOWLEDGE/L22/L22.02/L22.02_OPERATIONAL.md","text/markdown","12224","2026-10-03T10:54:30.197905+00:00","libfile_3545d8bc63a08191a630441418a15d7f","file_00000000f4a881f5b91cc4be3797200b","text-source"
"02_KNOWLEDGE/L22/L22.02/L22.02_QA.md","text/markdown","3010","2026-10-03T10:54:30.204191+00:00","libfile_5f5878c3ff6881919cb2f564edd09b70","file_00000000180881f590054135bd1e999b","text-source"
"02_KNOWLEDGE/L22/L22.03/L22.03_CANONICAL.md","text/markdown","22867","2026-10-03T10:54:30.214235+00:00","libfile_481eb9721ce4819197dfedda96900906","file_00000000d9b881f583fdf3cc5b3fa486","text-source"
"02_KNOWLEDGE/L22/L22.03/L22.03_NEURON_CANDIDATES.md","text/markdown","9638","2026-10-03T10:54:30.193565+00:00","libfile_ff6da804670c8191b0495402559d2b31","file_000000008dc081f5833302f5ef2a73f6","text-source"
"02_KNOWLEDGE/L22/L22.03/L22.03_OPERATIONAL.md","text/markdown","12752","2026-10-03T10:54:33.536280+00:00","libfile_d3d42be984ac8191a4e07d4b36d6eb6a","file_0000000035cc81f5ab644e6c79deb151","text-source"
"02_KNOWLEDGE/L22/L22.03/L22.03_QA.md","text/markdown","2997","2026-10-03T10:54:33.524523+00:00","libfile_8b678b5761408191a47257afb6826cf6","file_00000000be4881f5b34229a0f63aa66d","text-source"
"02_KNOWLEDGE/L22/L22.07/L22.07_CANONICAL.md","text/markdown","22662","2026-10-04T11:06:14.916674+00:00","libfile_4866a6eed7fc8191a669484551235844","file_0000000056ec81f692564a0ac9f8406c","text-source"
"02_KNOWLEDGE/L22/L22.07/L22.07_NEURON_CANDIDATES.md","text/markdown","8756","2026-10-04T11:06:17.968437+00:00","libfile_7fde03e1e4688191984c071f591b6bb6","file_00000000799c81f596e146c5f92b1909","text-source"
"02_KNOWLEDGE/L22/L22.07/L22.07_OPERATIONAL.md","text/markdown","10769","2026-10-04T11:06:17.987134+00:00","libfile_3040baec3aec81919fce25612ea49767","file_000000007ac081f585dfd019689aa477","text-source"
"02_KNOWLEDGE/L22/L22.07/L22.07_QA.md","text/markdown","2957","2026-10-04T11:06:17.954828+00:00","libfile_383490cb2eb48191a1c609f36c37e76a","file_00000000e0e081f5922bb79a31f7836d","text-source"
"02_KNOWLEDGE/L24/L24.01/L24.01_CANONICAL.md","text/markdown","17614","2026-10-03T10:54:33.590592+00:00","libfile_9ced3339f5a88191b7322217d5c28e79","file_00000000f03881f5b59125c87b6f905f","text-source"
"02_KNOWLEDGE/L24/L24.01/L24.01_NEURON_CANDIDATES.md","text/markdown","9258","2026-10-03T10:54:33.581900+00:00","libfile_37ba500e94e08191a0e23074b0060f0e","file_00000000e5e881f5ab1495c0c5a9275f","text-source"
"02_KNOWLEDGE/L24/L24.01/L24.01_OPERATIONAL.md","text/markdown","10651","2026-10-03T10:54:33.588042+00:00","libfile_39f051ac19948191bfa724844426062c","file_00000000b76081f5852a2602da3f972b","text-source"
"02_KNOWLEDGE/L24/L24.01/L24.01_QA.md","text/markdown","2944","2026-10-03T10:54:33.712123+00:00","libfile_8ea237eeba208191992ddf58027297eb","file_00000000834881f5b441b6ee5164182d","text-source"
"02_KNOWLEDGE/L24/L24.02/L24.02_CANONICAL.md","text/markdown","17379","2026-10-03T10:54:33.715120+00:00","libfile_0d702397d91c81919af27eba8cfb0d96","file_00000000f39081f5855de3a1fa333a61","text-source"
"02_KNOWLEDGE/L24/L24.02/L24.02_NEURON_CANDIDATES.md","text/markdown","9096","2026-10-03T10:54:33.576457+00:00","libfile_48909d0101948191940018c9b4072a1b","file_00000000788481f5a07b0d348cb6405f","text-source"
"02_KNOWLEDGE/L24/L24.02/L24.02_OPERATIONAL.md","text/markdown","10605","2026-10-03T10:54:33.521734+00:00","libfile_a4538b0f39d88191a0ea2058650df520","file_00000000be0081f5b44cf963e5950e50","text-source"
"02_KNOWLEDGE/L24/L24.02/L24.02_QA.md","text/markdown","2937","2026-10-03T10:54:33.583563+00:00","libfile_ad3e9478ed148191aa27fb559f5c5774","file_00000000612081f5b31b9fa6378fe81a","text-source"
"02_KNOWLEDGE/L24/L24.03/L24.03_CANONICAL.md","text/markdown","19163","2026-10-03T10:54:33.533241+00:00","libfile_068d1a845b9c81918da4f6655cbf1d8c","file_00000000a87081f58df3c42b7f60f1fc","text-source"
"02_KNOWLEDGE/L24/L24.03/L24.03_NEURON_CANDIDATES.md","text/markdown","10176","2026-10-03T10:54:33.527524+00:00","libfile_cd7b2e48fee4819197ca65dc61cd1d9e","file_00000000197c81f5871c30b914f62514","text-source"
"02_KNOWLEDGE/L24/L24.03/L24.03_OPERATIONAL.md","text/markdown","11876","2026-10-03T10:54:33.514513+00:00","libfile_66b6c719b5b88191bfc038c932882fdd","file_00000000d19881f583d6737d25fea83a","text-source"
"02_KNOWLEDGE/L24/L24.03/L24.03_QA.md","text/markdown","2945","2026-10-03T10:54:33.805172+00:00","libfile_a37534338830819197fd24655f6f6806","file_00000000952081f5a82a66425a70b514","text-source"
"02_KNOWLEDGE/L24/L24.04/L24.04_CANONICAL.md","text/markdown","24595","2026-10-03T15:08:35.996669+00:00","libfile_19f32b8bf28081918f7dc1a0c0d1d196","file_00000000c194820cb776022544e3098b","text-source"
"02_KNOWLEDGE/L24/L24.04/L24.04_NEURON_CANDIDATES.md","text/markdown","11511","2026-10-03T15:08:36.282852+00:00","libfile_36b8459b3e788191bf459aa5ab1c258f","file_0000000063a08230937dab53e4d8a87e","text-source"
"02_KNOWLEDGE/L24/L24.04/L24.04_OPERATIONAL.md","text/markdown","14318","2026-10-03T15:08:36.278961+00:00","libfile_30bf340ca52481918888aee940d7c800","file_00000000beec8230bda203a548e144dd","text-source"
"02_KNOWLEDGE/L24/L24.04/L24.04_QA.md","text/markdown","2975","2026-10-03T15:08:36.154975+00:00","libfile_2fc7296a5604819186f30369de9f23b5","file_000000009ab081f7911b5846016ac174","text-source"
"02_KNOWLEDGE/L24/L24.05/L24.05_CANONICAL.md","text/markdown","26772","2026-10-03T15:08:35.961463+00:00","libfile_80381acdac408191a45c5622f652baae","file_00000000224c81f6a710ffd019613ce9","text-source"
"02_KNOWLEDGE/L24/L24.05/L24.05_NEURON_CANDIDATES.md","text/markdown","13103","2026-10-03T15:08:36.241670+00:00","libfile_2b3c149f5f9c81918d5fb21a8c937545","file_000000007e44823095282724894c9116","text-source"
"02_KNOWLEDGE/L24/L24.05/L24.05_OPERATIONAL.md","text/markdown","16169","2026-10-03T15:08:35.964505+00:00","libfile_48f118a0e8008191bab9aba125e716a7","file_00000000188881f687afd5a9af95b953","text-source"
"02_KNOWLEDGE/L24/L24.05/L24.05_QA.md","text/markdown","2969","2026-10-03T15:08:40.979631+00:00","libfile_1e0f670fd7d88191a57bf637f295c1ff","file_0000000003fc81f58a019d89b4edf4dc","text-source"
"02_KNOWLEDGE/L25/L25.01/L25.01_CANONICAL.md","text/markdown","21389","2026-10-03T10:54:33.578657+00:00","libfile_605d99f85bb48191820de49a1dfe7a04","file_00000000bec881f5ba48557aae268bfe","text-source"
"02_KNOWLEDGE/L25/L25.01/L25.01_NEURON_CANDIDATES.md","text/markdown","8686","2026-10-03T10:54:33.530273+00:00","libfile_d1aaa1af69948191ba99a0759171698f","file_000000005d0081f5b01f00ee0fbd3c37","text-source"
"02_KNOWLEDGE/L25/L25.01/L25.01_OPERATIONAL.md","text/markdown","11582","2026-10-03T10:54:37.959225+00:00","libfile_5b1e79ab93508191910d1fb04a896e67","file_0000000083b881fdbf9e1f79b05bf5b0","text-source"
"02_KNOWLEDGE/L25/L25.01/L25.01_QA.md","text/markdown","2915","2026-10-03T10:54:37.956060+00:00","libfile_d8b5abdabfbc8191aa4b2e70282c80cc","file_0000000014c481f5920107aad4024afd","text-source"
"02_KNOWLEDGE/L25/L25.02/L25.02_CANONICAL.md","text/markdown","22167","2026-10-03T10:54:37.981981+00:00","libfile_566712a9c9948191b029a6307f986ff0","file_000000003830822facf91877b48adb61","text-source"
"02_KNOWLEDGE/L25/L25.02/L25.02_NEURON_CANDIDATES.md","text/markdown","9303","2026-10-03T10:54:38.018169+00:00","libfile_b7a8e75cec408191a5d11e2d3ce614e6","file_0000000015cc81f7a8fbaac3aea5becf","text-source"
"02_KNOWLEDGE/L25/L25.02/L25.02_OPERATIONAL.md","text/markdown","12567","2026-10-03T10:54:38.064365+00:00","libfile_fe96b94a53b4819196302b45d12a11b3","file_000000007f9c822f8e01a846dc9efc3e","text-source"
"02_KNOWLEDGE/L25/L25.02/L25.02_QA.md","text/markdown","2931","2026-10-03T10:54:38.052736+00:00","libfile_05dea679ec948191a900ea38be04a190","file_00000000ed0c81fb8928f72466ce9648","text-source"
"02_KNOWLEDGE/L25/L25.03/L25.03_CANONICAL.md","text/markdown","23954","2026-10-03T10:54:38.056634+00:00","libfile_d0834346888481919ec8535c9d16521f","file_00000000416c81fd8233bfb4b98615ff","text-source"
"02_KNOWLEDGE/L25/L25.03/L25.03_NEURON_CANDIDATES.md","text/markdown","10136","2026-10-03T10:54:37.978260+00:00","libfile_695db231b9888191a07c54d35fe76520","file_0000000001a881f59a0edd78647d4a8f","text-source"
"02_KNOWLEDGE/L25/L25.03/L25.03_OPERATIONAL.md","text/markdown","13649","2026-10-03T10:54:37.934601+00:00","libfile_536bd668efe08191b91b7a5ac01088b6","file_00000000e22881f59eb1fa9d8b8ad786","text-source"
"02_KNOWLEDGE/L25/L25.03/L25.03_QA.md","text/markdown","2973","2026-10-03T10:54:37.674965+00:00","libfile_b465e3b247d88191974f179535ca7c30","file_00000000dc9081f98689b4fcb9421876","text-source"
"02_KNOWLEDGE/L25/L25.04/L25.04_CANONICAL.md","text/markdown","22659","2026-10-03T22:23:38.931191+00:00","libfile_2b2c7aa4b0148191b60dc7b64c061d50","file_00000000dda881f5a688e6531029823e","text-source"
"02_KNOWLEDGE/L25/L25.04/L25.04_NEURON_CANDIDATES.md","text/markdown","9295","2026-10-03T22:23:38.936369+00:00","libfile_ae0f839b58888191a12449f098e58486","file_0000000089c481f591596571d897b73d","text-source"
"02_KNOWLEDGE/L25/L25.04/L25.04_OPERATIONAL.md","text/markdown","12036","2026-10-03T22:23:38.945368+00:00","libfile_f44180253b188191b5eefbbe51bdcb84","file_00000000cb2c81f59e62c99740a6de4c","text-source"
"02_KNOWLEDGE/L25/L25.04/L25.04_QA.md","text/markdown","2986","2026-10-03T22:23:38.934948+00:00","libfile_c15eca25d5d08191ad4afffa17461f84","file_00000000245881f590c41bc732a4e236","text-source"
"02_KNOWLEDGE/L25/L25.05/L25.05_CANONICAL.md","text/markdown","25101","2026-10-03T22:23:38.949900+00:00","libfile_88c0d8dcebf08191a957c2a9456330a2","file_0000000033e081f5b7211962760a449f","text-source"
"02_KNOWLEDGE/L25/L25.05/L25.05_NEURON_CANDIDATES.md","text/markdown","9751","2026-10-03T22:23:38.942699+00:00","libfile_0df8a24ace348191b0a9ab9c89e68022","file_0000000051ac81f5a5b0393c6d112f73","text-source"
"02_KNOWLEDGE/L25/L25.05/L25.05_OPERATIONAL.md","text/markdown","12968","2026-10-03T22:23:38.966544+00:00","libfile_b8f7a58356488191987b9be8bc8946c0","file_00000000f5bc81f5a6477409c6441288","text-source"
"02_KNOWLEDGE/L25/L25.05/L25.05_QA.md","text/markdown","2981","2026-10-03T22:23:38.968194+00:00","libfile_307c01f9d8a88191ae9553c4e6a0018d","file_000000005a6081f59551900c7f13cf3b","text-source"
"02_KNOWLEDGE/L24/L24.03/PROVISIONAL_EDGE_CANDIDATES.csv","text/csv","81","2026-10-03T10:54:33.519836+00:00","libfile_02d5b61827dc8191be666266c989d73f","file_0000000048a881f5bb856f876c0f53ef","text-source"
"02_KNOWLEDGE/L00/L00.06/PROVISIONAL_EDGE_CANDIDATES.csv","text/csv","1140","2026-10-01T23:49:50.056445+00:00","libfile_047c0b0ac4408191b6d3045dd0aa0764","file_0000000032bc81f587a7b4ce60f6aee0","text-source"
"02_KNOWLEDGE/L01/L01.02/PROVISIONAL_EDGE_CANDIDATES.csv","text/csv","758","2026-10-01T17:19:37.246896+00:00","libfile_051acffa45a481918602848f48b01259","file_00000000900c8207995b0b49740f7379","text-source"
"02_KNOWLEDGE/L05/L05.02/PROVISIONAL_EDGE_CANDIDATES.csv","text/csv","81","2026-10-03T10:54:26.312481+00:00","libfile_089e235be31c8191ac2810a3e5c2897a","file_00000000150c81f5b910ff6b6955b75d","text-source"
"02_KNOWLEDGE/L03/L03.06/PROVISIONAL_EDGE_CANDIDATES.csv","text/csv","867","2026-10-03T04:29:17.714527+00:00","libfile_08dfa76495508191bed4687974f9ef7f","file_00000000a5f881f682991ef8e9a7e23b","text-source"
"02_KNOWLEDGE/L06/L06.04/PROVISIONAL_EDGE_CANDIDATES.csv","text/csv","81","2026-10-04T11:06:10.771654+00:00","libfile_093a5618a21c819198006452bede39a0","file_00000000a0e481f594a7638261251e03","text-source"
"02_KNOWLEDGE/L22/L22.07/PROVISIONAL_EDGE_CANDIDATES.csv","text/csv","81","2026-10-04T11:06:17.966865+00:00","libfile_0cb27778cd90819185469491ab92b190","file_000000000c5081f583ab082f05dd3638","text-source"
"02_KNOWLEDGE/L01/L01.01/PROVISIONAL_EDGE_CANDIDATES.csv","text/csv","758","2026-10-01T16:50:35.471156+00:00","libfile_0e989a2f73e481919144c082558a045b","file_000000004ccc82078323c475d6edefdd","text-source"
"02_KNOWLEDGE/L03/L03.04/PROVISIONAL_EDGE_CANDIDATES.csv","text/csv","1057","2026-10-03T04:23:46.053467+00:00","libfile_12ef9cfb7c788191a3c1bc53ee5f8510","file_0000000078a881f69ff3b3ddde83c90c","text-source"
"02_KNOWLEDGE/L05/L05.04/PROVISIONAL_EDGE_CANDIDATES.csv","text/csv","81","2026-10-03T15:08:36.147087+00:00","libfile_18dcf33039308191b96ddb27be93920c","file_000000004fac81fb93e26cf7e86f92c6","text-source"
"02_KNOWLEDGE/L02/L02.06/PROVISIONAL_EDGE_CANDIDATES.csv","text/csv","627","2026-10-02T10:08:50.069160+00:00","libfile_19ccf600f3948191850ed4e6f607f4b3","file_0000000097c881f58d269af9cb863859","text-source"
"02_KNOWLEDGE/L18/L18.01/PROVISIONAL_EDGE_CANDIDATES.csv","text/csv","81","2026-10-03T10:54:30.243941+00:00","libfile_1b476e5d38a0819190a7e593f5cd683b","file_00000000c95481f5aaf52ebb58753399","text-source"
"02_KNOWLEDGE/L00/L00.05/PROVISIONAL_EDGE_CANDIDATES.csv","text/csv","1318","2026-10-01T11:33:49.287753+00:00","libfile_25af4af46fc08191b55ef0389f21c25a","file_000000009a208211b7ee160ed3d8b2c7","text-source"
"02_KNOWLEDGE/L24/L24.05/PROVISIONAL_EDGE_CANDIDATES.csv","text/csv","81","2026-10-03T15:08:41.015943+00:00","libfile_2635658a51888191aa7332330e2431ff","file_000000006f1881f5802398830984d23f","text-source"
"02_KNOWLEDGE/L00/L00.10/PROVISIONAL_EDGE_CANDIDATES.csv","text/csv","534","2026-10-02T04:01:29.169586+00:00","libfile_27a25819b70081918fd7018862d76a5e","file_00000000abf881f585b8b5ad02f00db1","text-source"
"02_KNOWLEDGE/L03/L03.07/PROVISIONAL_EDGE_CANDIDATES.csv","text/csv","780","2026-10-03T04:10:25.126194+00:00","libfile_2b11e4025bc881919a6af3973769dc21","file_00000000ce7c81f5bad40310bcc1a20c","text-source"
"02_KNOWLEDGE/L25/L25.01/PROVISIONAL_EDGE_CANDIDATES.csv","text/csv","81","2026-10-03T10:54:37.671106+00:00","libfile_2f7b452fe93c8191a8ebdce6f575ef5e","file_000000008ac4820cb50d93e27ae9a1b9","text-source"
"02_KNOWLEDGE/L07/L07.05/PROVISIONAL_EDGE_CANDIDATES.csv","text/csv","81","2026-10-04T11:36:55.085705+00:00","libfile_30c33a8a37a081918431c796660b632c","file_00000000576881f585124317f668803b","text-source"
"02_KNOWLEDGE/L07/L07.04/PROVISIONAL_EDGE_CANDIDATES.csv","text/csv","81","2026-10-04T11:36:55.110751+00:00","libfile_31d09f28d6108191a16b8fe6b7f04885","file_0000000053dc81f5b61f8b4244c6a7f9","text-source"
"02_KNOWLEDGE/L25/L25.05/PROVISIONAL_EDGE_CANDIDATES.csv","text/csv","81","2026-10-03T22:23:38.964024+00:00","libfile_358ee3ec5e348191b035a41d2f35dfb3","file_00000000596081f59bffb7ecee8f586c","text-source"
"02_KNOWLEDGE/L22/L22.03/PROVISIONAL_EDGE_CANDIDATES.csv","text/csv","81","2026-10-03T10:54:33.539251+00:00","libfile_42d98083ed448191841f7841953d40b4","file_000000003e4881f58919d2b78ad73dca","text-source"
"02_KNOWLEDGE/L07/L07.02/PROVISIONAL_EDGE_CANDIDATES.csv","text/csv","81","2026-10-04T11:36:55.087953+00:00","libfile_4497ff967c3c8191a7e75065a4301966","file_00000000f96081f591e58d10baec6d60","text-source"
"02_KNOWLEDGE/L04/L04.03/PROVISIONAL_EDGE_CANDIDATES.csv","text/csv","81","2026-10-03T15:08:32.452205+00:00","libfile_47caa001fd74819195e7fe0d7ad997a0","file_00000000993c81f5b48f6ceec7a6b258","text-source"
"02_KNOWLEDGE/L00/L00.01/PROVISIONAL_EDGE_CANDIDATES.csv","text/csv","1062","2026-10-01T09:24:55.277516+00:00","libfile_4f73b417f988819184f70a83ed96fbb5","file_0000000050f882079bf28201a6a5ac95","text-source"
"02_KNOWLEDGE/L01/L01.04/PROVISIONAL_EDGE_CANDIDATES.csv","text/csv","786","2026-10-01T23:49:53.779698+00:00","libfile_54418ea33cc081919d22cc8adf4605d3","file_00000000fb4081f78034dd834871981e","text-source"
"02_KNOWLEDGE/L00/L00.02/PROVISIONAL_EDGE_CANDIDATES.csv","text/csv","1302","2026-10-01T09:46:49.389236+00:00","libfile_549666fd453c81918610206fc010dc56","file_0000000061b88211a4fa2f124346cceb","text-source"
"02_KNOWLEDGE/L02/L02.05/PROVISIONAL_EDGE_CANDIDATES.csv","text/csv","641","2026-10-02T09:22:30.731318+00:00","libfile_55f488e7a5b08191a4ab7aad8333a1f3","file_00000000e9f081f68481b9c531adf9df","text-source"
"02_KNOWLEDGE/L24/L24.02/PROVISIONAL_EDGE_CANDIDATES.csv","text/csv","81","2026-10-03T10:54:33.585103+00:00","libfile_56d565a0fab881918fd39a2c3728ba12","file_00000000f61081f5a9fb1046c83d398a","text-source"
"02_KNOWLEDGE/L25/L25.02/PROVISIONAL_EDGE_CANDIDATES.csv","text/csv","81","2026-10-03T10:54:38.007520+00:00","libfile_5d25b18279e08191aade27eb89bb2851","file_0000000097ec81f7b3cc188b82fe80a8","text-source"
"02_KNOWLEDGE/L02/L02.04/PROVISIONAL_EDGE_CANDIDATES.csv","text/csv","698","2026-10-02T05:22:33.475696+00:00","libfile_609bcec7b438819197df2ab02d3a03be","file_00000000091481f590d38d26e8c552f6","text-source"
"02_KNOWLEDGE/L25/L25.04/PROVISIONAL_EDGE_CANDIDATES.csv","text/csv","81","2026-10-03T22:23:38.919824+00:00","libfile_61380e5eadd48191b9f6392c4beb2707","file_00000000267c81f5894dd0d96acc6277","text-source"
"02_KNOWLEDGE/L06/L06.02/PROVISIONAL_EDGE_CANDIDATES.csv","text/csv","81","2026-10-04T11:06:10.728815+00:00","libfile_627e2a2c1be48191a2f82b75bf43f47d","file_0000000002c081f59237f77b609a4555","text-source"
"02_KNOWLEDGE/L02/L02.03/PROVISIONAL_EDGE_CANDIDATES.csv","text/csv","427","2026-10-02T04:01:29.110715+00:00","libfile_6521bc12c5ec81918c6133f6ddc01ee7","file_000000003cc081f5861f79ea24dd123e","text-source"
"02_KNOWLEDGE/L02/L02.01/PROVISIONAL_EDGE_CANDIDATES.csv","text/csv","1140","2026-10-01T22:17:27.191122+00:00","libfile_675f93a92c708191b7623c7fcc03ba06","file_00000000b19481fa92d2b76caf5109a0","text-source"
"02_KNOWLEDGE/L19/L19.01/PROVISIONAL_EDGE_CANDIDATES.csv","text/csv","81","2026-10-04T11:06:14.912469+00:00","libfile_6ff3f542b5388191bfbb5cfc764151e7","file_000000004888820cb1ae838be0fb6844","text-source"
"02_KNOWLEDGE/L06/L06.05/PROVISIONAL_EDGE_CANDIDATES.csv","text/csv","81","2026-10-04T11:06:14.915267+00:00","libfile_7072a28e24c4819184b5a37c3e5e1db5","file_00000000c3d8820d9d1054f4e21de508","text-source"
"02_KNOWLEDGE/L00/L00.07/PROVISIONAL_EDGE_CANDIDATES.csv","text/csv","1289","2026-10-01T23:49:53.507353+00:00","libfile_7e191a0038388191b697e3ad86b80597","file_0000000040a481f595c515820bb6c4b0","text-source"
"02_KNOWLEDGE/L01/L01.03/PROVISIONAL_EDGE_CANDIDATES.csv","text/csv","618","2026-10-01T17:38:35.886292+00:00","libfile_7f8cae2c65b08191a176433d3ccd7e20","file_00000000de7882078ab77a1c7a2934ee","text-source"
"02_KNOWLEDGE/L01/L01.05/PROVISIONAL_EDGE_CANDIDATES.csv","text/csv","922","2026-10-01T21:43:32.762986+00:00","libfile_804c18078748819185ff26638e7536b0","file_00000000c43081fa975419d819bbe49a","text-source"
"02_KNOWLEDGE/L00/L00.03/PROVISIONAL_EDGE_CANDIDATES.csv","text/csv","1375","2026-10-01T10:34:10.425831+00:00","libfile_8283dfc23bc481919a6761904279beea","file_00000000b6e48211894b75891ece5bf7","text-source"
"02_KNOWLEDGE/L24/L24.04/PROVISIONAL_EDGE_CANDIDATES.csv","text/csv","81","2026-10-03T15:08:35.968263+00:00","libfile_8f87b3b0486481919b5fbf5c698614a9","file_00000000ec5c820c962ed0d596cad67a","text-source"
"02_KNOWLEDGE/L04/L04.05/PROVISIONAL_EDGE_CANDIDATES.csv","text/csv","81","2026-10-03T15:08:36.071342+00:00","libfile_98e377e4425081919e80665378228175","file_000000007c2881f58796011a0da5d594","text-source"
"02_KNOWLEDGE/L03/L03.05/PROVISIONAL_EDGE_CANDIDATES.csv","text/csv","708","2026-10-03T09:14:12.740399+00:00","libfile_9a5d55fd1c088191b7eb329de00b6179","file_00000000478481f5bbd256262a4cce5d","text-source"
"02_KNOWLEDGE/L03/L03.01/PROVISIONAL_EDGE_CANDIDATES.csv","text/csv","603","2026-10-02T14:01:16.288012+00:00","libfile_9c2f14cc1f44819191d8df9bbaa99207","file_00000000eb7081f59851f652a4956740","text-source"
"02_KNOWLEDGE/L03/L03.03/PROVISIONAL_EDGE_CANDIDATES.csv","text/csv","810","2026-10-03T04:22:00.539399+00:00","libfile_a5684f27cbc08191b264e7d786f16d6e","file_00000000430881f5810bb19176a7a620","text-source"
"02_KNOWLEDGE/L04/L04.04/PROVISIONAL_EDGE_CANDIDATES.csv","text/csv","81","2026-10-03T15:08:32.466634+00:00","libfile_b1d6e772d5cc81918719c3486c7bd5ba","file_00000000748881f59620657267d920cf","text-source"
"02_KNOWLEDGE/L24/L24.01/PROVISIONAL_EDGE_CANDIDATES.csv","text/csv","81","2026-10-03T10:54:33.611777+00:00","libfile_b838321f83988191bc0726c72a74934f","file_0000000087b881f5a4ea5a6944e5dc29","text-source"
"02_KNOWLEDGE/L00/L00.08/PROVISIONAL_EDGE_CANDIDATES.csv","text/csv","621","2026-10-01T14:58:37.696587+00:00","libfile_bfebf8df504481919136d23d3173bec6","file_00000000b7f08211a63f39497b20c773","text-source"
"02_KNOWLEDGE/L05/L05.03/PROVISIONAL_EDGE_CANDIDATES.csv","text/csv","81","2026-10-03T10:54:30.219780+00:00","libfile_c01abd9b37888191b9fa98a21f937fac","file_00000000e5a081f5a68a15cfe3a77381","text-source"
"02_KNOWLEDGE/L02/L02.02/PROVISIONAL_EDGE_CANDIDATES.csv","text/csv","549","2026-10-02T04:01:29.439352+00:00","libfile_c21960b0a6c081918b1cb38f5c765c22","file_000000008c2881f7ad6bd9fd4390cf26","text-source"
"02_KNOWLEDGE/L04/L04.01/PROVISIONAL_EDGE_CANDIDATES.csv","text/csv","81","2026-10-03T10:54:26.296229+00:00","libfile_c53b338141188191a750eace05be36cd","file_00000000c29081f5ae096f30e5efd324","text-source"
"02_KNOWLEDGE/L09/L09.01/PROVISIONAL_EDGE_CANDIDATES.csv","text/csv","81","2026-10-03T10:54:30.246842+00:00","libfile_cb0e2d4394508191bbcbfeaf49bb4cbb","file_000000002c7881f58f8e85c2381c0a10","text-source"
"02_KNOWLEDGE/L22/L22.02/PROVISIONAL_EDGE_CANDIDATES.csv","text/csv","81","2026-10-03T10:54:30.221375+00:00","libfile_cbd76cf4f610819181058f78bce0b8d4","file_000000001b2481f592448e5553822865","text-source"
"02_KNOWLEDGE/L05/L05.05/PROVISIONAL_EDGE_CANDIDATES.csv","text/csv","81","2026-10-03T22:23:34.779909+00:00","libfile_ce1d06c413d88191b6cb85fbc9633e88","file_00000000ab6481f58c8cf2da5089f13f","text-source"
"02_KNOWLEDGE/L25/L25.03/PROVISIONAL_EDGE_CANDIDATES.csv","text/csv","81","2026-10-03T10:54:37.974866+00:00","libfile_ce42385b75388191a20b5d960bb06f46","file_00000000e09481fda20af555e1721769","text-source"
"02_KNOWLEDGE/L05/L05.06/PROVISIONAL_EDGE_CANDIDATES.csv","text/csv","81","2026-10-03T22:23:38.938090+00:00","libfile_d133c0b648a08191a5c3a2e5871396ac","file_000000002ac481f59f701a132b21bab9","text-source"
"02_KNOWLEDGE/L00/L00.04/PROVISIONAL_EDGE_CANDIDATES.csv","text/csv","1130","2026-10-01T10:59:06.233262+00:00","libfile_d6272d54b25c8191a95a7e49693dc5f3","file_0000000000e08211bebcea32ac0ebea3","text-source"
"02_KNOWLEDGE/L05/L05.07/PROVISIONAL_EDGE_CANDIDATES.csv","text/csv","81","2026-10-03T15:08:36.177161+00:00","libfile_da016fedac088191be955027cf67a89c","file_000000009fcc81f583c5022a81f50efa","text-source"
"02_KNOWLEDGE/L06/L06.03/PROVISIONAL_EDGE_CANDIDATES.csv","text/csv","81","2026-10-04T11:06:10.755003+00:00","libfile_dc2b44c5d2288191b776f4c1514a6436","file_00000000a4c081f5b78a5c2fa84bf51e","text-source"
"02_KNOWLEDGE/L18/L18.02/PROVISIONAL_EDGE_CANDIDATES.csv","text/csv","81","2026-10-04T11:06:14.904842+00:00","libfile_de041f26ab788191ac742b22d783c2b0","file_0000000077f081f59e87477ef3c6b37d","text-source"
"02_KNOWLEDGE/L06/L06.01/PROVISIONAL_EDGE_CANDIDATES.csv","text/csv","81","2026-10-03T22:23:38.923149+00:00","libfile_e4bdcc2dc0dc819190fe300bdb4f22db","file_000000004c4c81f583a5c18483c2ece7","text-source"
"02_KNOWLEDGE/L00/L00.09/PROVISIONAL_EDGE_CANDIDATES.csv","text/csv","685","2026-10-02T04:01:29.161568+00:00","libfile_f0f5740f52c081919d257d74e862fedf","file_00000000aec881f79f7f358510349cab","text-source"
"02_KNOWLEDGE/L07/L07.01/PROVISIONAL_EDGE_CANDIDATES.csv","text/csv","81","2026-10-04T11:06:14.908826+00:00","libfile_f3a74ebfba0c8191945caecc2fd20fc5","file_00000000279481f5ae0ab394bc2fcd78","text-source"
"02_KNOWLEDGE/L05/L05.01/PROVISIONAL_EDGE_CANDIDATES.csv","text/csv","81","2026-10-03T10:54:26.336759+00:00","libfile_f45cc1a764d88191b1094bc06083faba","file_00000000b49881f5bc2692dd6722e20d","text-source"
"02_KNOWLEDGE/L03/L03.02/PROVISIONAL_EDGE_CANDIDATES.csv","text/csv","495","2026-10-02T22:13:41.902797+00:00","libfile_f6537deed84c81918554fb9afda0db8d","file_000000007a2081f59b2c5d2ac325d1bb","text-source"
"02_KNOWLEDGE/L07/L07.03/PROVISIONAL_EDGE_CANDIDATES.csv","text/csv","81","2026-10-04T11:36:55.130885+00:00","libfile_f7a955669eb08191a732bc6f0fea66b7","file_00000000929c81f596c8a233ecc92860","text-source"
"02_KNOWLEDGE/L04/L04.02/PROVISIONAL_EDGE_CANDIDATES.csv","text/csv","81","2026-10-03T10:54:26.307618+00:00","libfile_fc00097386648191913bea863a226356","file_00000000885c81f5b6253ced5a3e5031","text-source"
